repo_name,easy_file,hard_file
SAP/openui5,src/sap.m/src/sap/m/p13n/Popup.js,src/sap.m/src/sap/m/p13n/BasePanel.js
SAP/openui5,src/sap.m/src/sap/m/p13n/Popup.js,src/sap.m/src/sap/m/p13n/SortPanel.js
SAP/openui5,src/sap.m/src/sap/m/p13n/Popup.js,src/sap.m/src/sap/m/p13n/GroupPanel.js
NodeBB/NodeBB,src/controllers/write/chats.js,src/api/chats.js
NodeBB/NodeBB,src/routes/write/chats.js,src/api/chats.js
OpenAF/openaf,js/owrap.ch.js,js/openaf.js
alexn1/qforms,dist/lib/backend/viewer/Model/DataSource/SqlDataSource/SqlDataSource.js,dist/lib/backend/editor/EditorModule.js
alexn1/qforms,src/frontend/viewer/Model/Application/Application.js,dist/lib/backend/editor/EditorModule.js
alexn1/qforms,dist/lib/backend/Helper.js,dist/lib/backend/editor/EditorModule.js
alexn1/qforms,src/frontend/viewer/WebSocketClient.js,dist/lib/backend/editor/EditorModule.js
alexn1/qforms,dist/lib/backend/viewer/ViewerModule.js,dist/lib/backend/editor/EditorModule.js
alexn1/qforms,dist/lib/backend/monitor/MonitorModule.js,dist/lib/backend/editor/EditorModule.js
artf/grapesjs,src/style_manager/model/Layer.js,src/style_manager/view/PropertyColorView.js
artf/grapesjs,src/style_manager/config/config.js,src/style_manager/view/PropertyColorView.js
artf/grapesjs,src/style_manager/model/Sector.js,src/style_manager/view/PropertyColorView.js
artf/grapesjs,src/style_manager/view/SectorsView.js,src/style_manager/view/PropertyColorView.js
artf/grapesjs,src/editor/config/config.js,src/style_manager/view/PropertyColorView.js
artf/grapesjs,src/commands/view/OpenStyleManager.js,src/style_manager/view/PropertyColorView.js
artf/grapesjs,src/style_manager/view/PropertiesView.js,src/style_manager/view/PropertyColorView.js
artf/grapesjs,src/style_manager/view/PropertyCompositeView.js,src/style_manager/view/PropertyColorView.js
SVG-Edit/svgedit,src/editor/components/sePalette.js,src/svgcanvas/json.js
SVG-Edit/svgedit,src/editor/extensions/ext-storage/storageDialog.js,src/svgcanvas/json.js
SVG-Edit/svgedit,src/editor/panels/LayersPanel.js,src/svgcanvas/json.js
SVG-Edit/svgedit,src/editor/Rulers.js,src/svgcanvas/json.js
SVG-Edit/svgedit,src/editor/components/seColorPicker.js,src/svgcanvas/json.js
SVG-Edit/svgedit,src/svgcanvas/jQuery.attr.js,src/svgcanvas/json.js
SVG-Edit/svgedit,src/editor/components/jgraduate/jQuery.jGraduate.js,src/svgcanvas/json.js
SVG-Edit/svgedit,src/editor/components/jgraduate/jQuery.jGraduate.js,src/svgcanvas/event.js
SVG-Edit/svgedit,src/editor/panels/LayersPanel.js,src/svgcanvas/event.js
SVG-Edit/svgedit,src/editor/Rulers.js,src/svgcanvas/event.js
SVG-Edit/svgedit,src/editor/extensions/ext-storage/storageDialog.js,src/svgcanvas/event.js
SVG-Edit/svgedit,src/editor/components/seColorPicker.js,src/svgcanvas/event.js
SVG-Edit/svgedit,src/svgcanvas/jQuery.attr.js,src/svgcanvas/event.js
SVG-Edit/svgedit,src/editor/components/sePalette.js,src/svgcanvas/event.js
SVG-Edit/svgedit,src/editor/touch.js,src/svgcanvas/coords.js
SVG-Edit/svgedit,src/common/browser.js,src/svgcanvas/coords.js
SVG-Edit/svgedit,src/common/browser.js,src/svgcanvas/history.js
SVG-Edit/svgedit,src/editor/touch.js,src/svgcanvas/history.js
SVG-Edit/svgedit,src/editor/Rulers.js,src/svgcanvas/svg-exec.js
SVG-Edit/svgedit,src/svgcanvas/jQuery.attr.js,src/svgcanvas/svg-exec.js
SVG-Edit/svgedit,src/editor/panels/LayersPanel.js,src/svgcanvas/svg-exec.js
SVG-Edit/svgedit,src/editor/components/seColorPicker.js,src/svgcanvas/svg-exec.js
SVG-Edit/svgedit,src/editor/components/sePalette.js,src/svgcanvas/svg-exec.js
SVG-Edit/svgedit,src/editor/components/jgraduate/jQuery.jGraduate.js,src/svgcanvas/svg-exec.js
SVG-Edit/svgedit,src/editor/extensions/ext-storage/storageDialog.js,src/svgcanvas/svg-exec.js
SVG-Edit/svgedit,src/editor/panels/LayersPanel.js,src/svgcanvas/blur-event.js
SVG-Edit/svgedit,src/editor/components/jgraduate/jQuery.jGraduate.js,src/svgcanvas/blur-event.js
SVG-Edit/svgedit,src/editor/Rulers.js,src/svgcanvas/blur-event.js
SVG-Edit/svgedit,src/editor/extensions/ext-storage/storageDialog.js,src/svgcanvas/blur-event.js
SVG-Edit/svgedit,src/editor/components/seColorPicker.js,src/svgcanvas/blur-event.js
SVG-Edit/svgedit,src/svgcanvas/jQuery.attr.js,src/svgcanvas/blur-event.js
SVG-Edit/svgedit,src/editor/components/sePalette.js,src/svgcanvas/blur-event.js
SVG-Edit/svgedit,src/svgcanvas/jQuery.attr.js,src/svgcanvas/path-method.js
SVG-Edit/svgedit,src/editor/components/sePalette.js,src/svgcanvas/path-method.js
SVG-Edit/svgedit,src/editor/panels/LayersPanel.js,src/svgcanvas/path-method.js
SVG-Edit/svgedit,src/editor/components/jgraduate/jQuery.jGraduate.js,src/svgcanvas/path-method.js
SVG-Edit/svgedit,src/editor/components/seColorPicker.js,src/svgcanvas/path-method.js
SVG-Edit/svgedit,src/editor/Rulers.js,src/svgcanvas/path-method.js
SVG-Edit/svgedit,src/editor/extensions/ext-storage/storageDialog.js,src/svgcanvas/path-method.js
SVG-Edit/svgedit,src/editor/touch.js,src/svgcanvas/recalculate.js
SVG-Edit/svgedit,src/common/browser.js,src/svgcanvas/recalculate.js
SVG-Edit/svgedit,src/editor/extensions/ext-storage/storageDialog.js,src/svgcanvas/path-actions.js
SVG-Edit/svgedit,src/editor/panels/LayersPanel.js,src/svgcanvas/path-actions.js
SVG-Edit/svgedit,src/editor/components/jgraduate/jQuery.jGraduate.js,src/svgcanvas/path-actions.js
SVG-Edit/svgedit,src/editor/components/sePalette.js,src/svgcanvas/path-actions.js
SVG-Edit/svgedit,src/svgcanvas/jQuery.attr.js,src/svgcanvas/path-actions.js
SVG-Edit/svgedit,src/editor/components/seColorPicker.js,src/svgcanvas/path-actions.js
SVG-Edit/svgedit,src/editor/Rulers.js,src/svgcanvas/path-actions.js
SVG-Edit/svgedit,src/editor/components/sePalette.js,src/svgcanvas/selected-elem.js
SVG-Edit/svgedit,src/editor/extensions/ext-storage/storageDialog.js,src/svgcanvas/selected-elem.js
SVG-Edit/svgedit,src/editor/components/jgraduate/jQuery.jGraduate.js,src/svgcanvas/selected-elem.js
SVG-Edit/svgedit,src/editor/panels/LayersPanel.js,src/svgcanvas/selected-elem.js
SVG-Edit/svgedit,src/editor/Rulers.js,src/svgcanvas/selected-elem.js
SVG-Edit/svgedit,src/svgcanvas/jQuery.attr.js,src/svgcanvas/selected-elem.js
SVG-Edit/svgedit,src/editor/components/seColorPicker.js,src/svgcanvas/selected-elem.js
SVG-Edit/svgedit,src/editor/dialogs/exportDialog.js,cypress/integration/ui/scenario3.js
SVG-Edit/svgedit,src/editor/dialogs/exportDialog.js,src/editor/components/jgraduate/Util.js
SVG-Edit/svgedit,cypress/integration/unit/select.js,cypress/integration/unit/utilities-bbox.js
SVG-Edit/svgedit,src/editor/components/seExplorerButton.js,src/editor/extensions/ext-markers/ext-markers.js
SVG-Edit/svgedit,src/editor/extensions/ext-helloworld/ext-helloworld.js,src/editor/extensions/ext-markers/ext-markers.js
SVG-Edit/svgedit,src/editor/extensions/ext-overview_window/ext-overview_window.js,src/editor/extensions/ext-markers/ext-markers.js
SVG-Edit/svgedit,src/editor/extensions/ext-panning/ext-panning.js,src/editor/extensions/ext-markers/ext-markers.js
SVG-Edit/svgedit,src/editor/extensions/ext-grid/ext-grid.js,src/editor/extensions/ext-markers/ext-markers.js
SVG-Edit/svgedit,src/editor/components/seFlyingButton.js,src/editor/extensions/ext-markers/ext-markers.js
SVG-Edit/svgedit,cypress/integration/unit/select.js,cypress/integration/unit/utilities-performance.js
SVG-Edit/svgedit,src/editor/components/seColorPicker.js,src/editor/components/jgraduate/jQuery.jPicker.js
SVG-Edit/svgedit,src/editor/panels/LayersPanel.js,src/editor/components/jgraduate/jQuery.jPicker.js
SVG-Edit/svgedit,src/editor/components/jgraduate/jQuery.jGraduate.js,src/editor/components/jgraduate/jQuery.jPicker.js
SVG-Edit/svgedit,src/svgcanvas/jQuery.attr.js,src/editor/components/jgraduate/jQuery.jPicker.js
SVG-Edit/svgedit,src/editor/Rulers.js,src/editor/components/jgraduate/jQuery.jPicker.js
SVG-Edit/svgedit,src/editor/components/sePalette.js,src/editor/components/jgraduate/jQuery.jPicker.js
SVG-Edit/svgedit,src/editor/extensions/ext-storage/storageDialog.js,src/editor/components/jgraduate/jQuery.jPicker.js
SVG-Edit/svgedit,src/editor/MainMenu.js,src/editor/extensions/ext-opensave/ext-opensave.js
SVG-Edit/svgedit,src/editor/panels/LeftPanel.js,src/editor/extensions/ext-opensave/ext-opensave.js
SVG-Edit/svgedit,src/editor/EditorStartup.js,src/editor/extensions/ext-opensave/ext-opensave.js
SVG-Edit/svgedit,src/editor/panels/LeftPanel.js,src/editor/extensions/ext-polystar/ext-polystar.js
SVG-Edit/svgedit,src/editor/EditorStartup.js,src/editor/extensions/ext-polystar/ext-polystar.js
SVG-Edit/svgedit,src/editor/MainMenu.js,src/editor/extensions/ext-polystar/ext-polystar.js
cofacts/rumors-api,src/scripts/__fixtures__/genBERTInputArticles.js,src/scripts/genCategoryReview.js
cofacts/rumors-api,src/scripts/__fixtures__/genBERTInputArticles.js,src/scripts/migrations/importFlowAnnotation.js
easemob/kefu-webim,src/js/app/pages/main/uikit/createMessageView.js,src/js/app/index.js
easemob/kefu-webim,src/js/app/pages/main/uikit/createMessageView.js,src/js/app/pages/main/apis.js
easemob/kefu-webim,src/js/app/pages/main/uikit/createMessageView.js,src/js/app/pages/main/chat.js
easemob/kefu-webim,src/js/app/pages/main/uikit/createMessageView.js,src/js/app/pages/main/channel.js
imdone/imdone-core,lib/mixins/repo-fs-store.js,lib/task.js
imdone/imdone-core,lib/constants.js,lib/task.js
root-project/jsroot,scripts/JSRoot.painter.js,scripts/JSRoot.io.js
root-project/jsroot,scripts/JSRoot.jq2d.js,scripts/JSRoot.io.js
root-project/jsroot,scripts/JSRoot.v7hist3d.js,scripts/JSRoot.io.js
root-project/jsroot,scripts/JSRoot.math.js,scripts/JSRoot.io.js
root-project/jsroot,scripts/JSRoot.hist3d.js,scripts/JSRoot.io.js
olifolkerd/tabulator,src/js/core/Tabulator.js,dist/js/tabulator_esm.js
cozy-labs/cozy-desktop,core/remote/index.js,core/metadata.js
Roll20/roll20-api-scripts,MagicMaster/2.044/MagicMaster.js,RoundMaster/3.026/RoundMaster.js
Roll20/roll20-api-scripts,CommandMaster/1.020/CommandMaster.js,RoundMaster/3.026/RoundMaster.js
uktrade/data-hub-frontend,src/apps/my-pipeline/client/reducer.js,src/apps/my-pipeline/client/tasks.js
GlukKazan/GlukKazan.github.io,checkmate/scripts/fairy-eater-chess-editor.js,checkmate/scripts/fairy-eater-chess-ai.js
kbase/kbase-ui-plugin-dataview,src/plugin/iframe_root/modules/widgets/KBaseSets/SampleSet/components/LinkedData.styles.js,src/plugin/iframe_root/modules/widgets/KBaseSets/SampleSet/models/LinkedData.js
kbase/kbase-ui-plugin-dataview,src/plugin/iframe_root/modules/widgets/KBaseSets/SampleSet/components/LinkedDataSummary.js,src/plugin/iframe_root/modules/widgets/KBaseSets/SampleSet/models/LinkedData.js
kbase/kbase-ui-plugin-dataview,src/plugin/iframe_root/modules/widgets/KBaseSets/SampleSet/components/LinkedData.js,src/plugin/iframe_root/modules/widgets/KBaseSets/SampleSet/models/LinkedData.js
kbase/kbase-ui-plugin-dataview,src/plugin/iframe_root/modules/widgets/KBaseSets/SampleSet/components/LinkedData.styles.js,src/plugin/iframe_root/modules/widgets/KBaseSets/SampleSet/components/LinkedData2.js
kbase/kbase-ui-plugin-dataview,src/plugin/iframe_root/modules/widgets/KBaseSets/SampleSet/components/LinkedDataSummary.js,src/plugin/iframe_root/modules/widgets/KBaseSets/SampleSet/components/LinkedData2.js
kbase/kbase-ui-plugin-dataview,src/plugin/iframe_root/modules/widgets/KBaseSets/SampleSet/components/LinkedData.js,src/plugin/iframe_root/modules/widgets/KBaseSets/SampleSet/components/LinkedData2.js
